source,author,title,url,publishedAt,content,label,reason
Khan.co.kr,박병률 기자 mypark@kyunghyang.com,"‘4000달러 코앞’ 금값, 어디까지···미 ‘셧다운’과 일·프 ‘정치 불안정’이 흔드는 시장",https://www.khan.co.kr/article/202510071547001,2025-10-07T06:47:00Z,"골드만삭스 “내년말에 4천900달러” 전망치 상향조정
트럼프·경제·지정학적 불확실성 속 안전자산 선호 부각

미국 연방정부 셧다운과 프랑스의 정치위기로 금융시장에 불확실성이 커짐에 따라 금 가격이 사상 최고치 기록을 또 세웠다.

일러스트|NEWS IMAGE

로이터통신에 따르면 스팟 금 가격은 7일 한때 사상 최고치인 트로이온스(31.1034···",,
Khan.co.kr,정환보 기자 botox@kyunghyang.com,대통령 넥타이부터 카리나 점퍼 논란까지···색깔에 얽힌 정치 이야기,https://www.khan.co.kr/article/202510071242001,2025-10-07T03:42:00Z,"이재명 대통령과 이시바 시게루 일본 총리가 30일 부산 해운대구 누리마루 APEC하우스에서 한일 정상회담을 하기 위해 입장하고 있다. 대통령실사진기자단

“오늘 이재명 대통령은 금색 포인트의 넥타이를 맸습니다. 금색은 귀중함을 상징하는 색깔로 상대국인 일본 및 이시바 총리와의 관계를 귀하게 여긴다는 의미를 가지고 있습니다.”

강유정 대통령실 대변인은 지난···",,
Khan.co.kr,허진무 기자 imagine@kyunghyang.com,"[창간 79주년 기획] ‘정치 공동체’로 묶인 동지, 심부름꾼 자처하는 직원…그 이름은 ‘보좌진’",https://www.khan.co.kr/article/202510070800005,2025-10-06T23:00:00Z,"공사 희미한 업무 경계 - ‘사적 채용’이 만들어낸 ‘의원 갑질’

드라마 의 8급 비서, 한도경 역을 맡은 배우 김동준.

의원 한 명당 ‘입법 활동 보좌’ 최대 9명 
법적 자격·절차·기준 없이 ‘사적 채용’ 
국회는 세평 중요…부조리 은폐 쉬워 
“전직? 의원은 기업도 괴롭힐 수 있어” 

정당·시민단체서 ···",,
Khan.co.kr,윤기은 기자 energyeun@kyunghyang.com,머리에 얹는 정치 구호···‘캡모자에 미친 대통령’ 트럼프의 유별난 패션 정치,https://www.khan.co.kr/article/202510061930001,2025-10-06T10:30:00Z,"지난 7월4일(현지시간) 워싱턴 백악관 남쪽 잔디밭에서 열린 군인 가족 피크닉 행사에서 영부인 멜라니아 트럼프(오른쪽)가 MAGA 모자를 쓴 도널드 트럼프 미국 대통령을 바라보고 있다. AFP연합뉴스

도널드 트럼프 미국 대통령의 정치 인생 10년 내내 함께한 물건이 있습니다. 앞부분에 챙이 달린 캡모자입니다. 그는 가장 최근에는 지난 8월22일(현지시간)···",,
Ohmynews.com,이영광,"""검찰에 보완수사권 주면 개혁 취지 무색해질 것""",https://www.ohmynews.com/NWS_Web/View/at_pg.aspx?CNTN_CD=A0003171472,2025-10-06T07:57:58Z,"지난 9월 26일 검찰청을 폐지하고 공소청, 중대범죄수사청(중수청) 설치를 골자로 하는 정부조직법 개정안이 국회에서 통과되었다. 1년의 유예 기간을 거쳐 내년 10월 검찰청은 78년의 역사를 뒤로 하고 문을 닫게 되었다. 정청래 더불어민주당 대표가 앞서 7월 당 대표 선거를 앞두고 대전과학기술대학교에서 열린 북콘서트에서 ""추석 귀경길에 검찰청 폐지 소식 들려드리겠다""고 공언한 바 있는데 그 약속을 지킨 셈이다.

그러나 검찰청 폐지에 대한 우려 섞인 목소리도 …",,
Ohmynews.com,장재완,"2026년 대전시장 선거, 리턴매치 될까 새 대진표 나올까",https://www.ohmynews.com/NWS_Web/View/at_pg.aspx?CNTN_CD=A0003170960,2025-10-07T01:44:03Z,"내년 6월 3일 치러지는 제9회 전국동시지방선거를 앞두고 대전시장 후보군이 점차 윤곽을 드러내고 있다.

더불어민주당은 재선에 도전하는 전임 시장과 세대교체를 외치는 현역 국회의원의 공천 경쟁이 뜨거울 전망이다. 반면 국민의힘은 현직 프리미엄을 앞세운 이장우 대전시장의 재선 도전이 유력한 상황이다.

[더불어민주당] 전임 시장 vs. 현역 국회의원 공천 경쟁 치열

 

민주당에서는 민선 7기 대전시정을 이끌었던 허태정 전 대전시장이 가장 눈에 띈다. 그는 선…",,
Ohmynews.com,김영근,"일본 첫 여성 총리 다카이치 시대, 한일관계 새 국면 맞이하나",https://www.ohmynews.com/NWS_Web/View/at_pg.aspx?CNTN_CD=A0003171348,2025-10-04T10:00:17Z,"4일 일본 자민당 총재 결선 투표에서 다카이치 사나에 전 일본 경제안보담당상이 185표를 획득하며 156표에 그친 고이즈미 신지로 농림수산상을 제치고 새 총재로 선출됐다. 이로써 일본은 사상 최초의 여성 총리를 맞이한다.

그러나 이 상징적 사건이 실질적 국정 변화로 이어지기 위해서는 정치·경제·외교 전반에 걸친 복잡한 과제들을 동시에 해결해야 한다. 특히 한국과의 관계에 미칠 파장을 면밀히 분석하고 선제적인 대응 전략을 모색하는 것이 중요하다.

결선에서 다…",,
Ohmynews.com,윤성효,"서울 등 곳곳서 울려퍼진 ""미얀마 군부, 사기 선거 거부""",https://www.ohmynews.com/NWS_Web/View/at_pg.aspx?CNTN_CD=A0003171343,2025-10-04T08:29:39Z,"""미얀마 군부 사기선거 거부한다. 가짜선거 함정이다. 독재군부 쳐부수자. 민주주의 나라 세우자. 우리의 선택은 혁명이다. 군부는 비인간적 학살을 즉각 멈춰라. 군사독재 즉각 물러가라. 원밋 대통령, 아웅산 수치(Aung San Suu Kyi, 수키·수찌, 80) 국가고문을 포함한 모든 정치수감자들을 즉각 석방하라. 한국은 우리와 함께 미얀마민주화를지지 해주세요.""

서울을 비롯한 전국 곳곳에서 ""가짜 선거 미얀마 군부 규탄 집회‧행진""이 벌어졌다. 민주정부인 …",,
Khan.co.kr,윤지원 기자 yjw@kyunghyang.com,"[속보] ‘일본 총리 후보’ 다카이치·고이즈미, 결선 진출",https://www.khan.co.kr/article/202510041414001,2025-10-04T05:14:00Z,"일본 집권 자민당 총재 선거에서 양강 구도를 형성하고 있는 다카이치 사나에 전 경제안보담당상(왼쪽)과 고이즈미 신지로 농림수산상.

이시바 시게루 일본 총리의 후임자를 뽑는 집권 자민당 총재 선거 1차 투표에서 최종후보가 결정됐다. 고이즈미 신지로 농림수산상(44)과 다카이치 사나에 전 경제안보상(64)이 결선에 진출한다.

아이사와 이치로 자민당 총재 선···",,
Ohmynews.com,신상호,"뼛속까지 이기적인 이진숙의 정치, 참을 수 없는 무능력자의 말로",https://www.ohmynews.com/NWS_Web/View/at_pg.aspx?CNTN_CD=A0003171181,2025-10-03T08:43:29Z,"'뼛 속까지 정치적이고 이기적인, 그러면서 무능력한'

이진숙 전 방송통신위원장에 대한 평가를 모아보면 이렇다. 지난해 7월 방송통신위원장 인사청문회 때부터 논란에 논란을 불러일으켰고, 방송통신위원장으로써는 조직 위기를 제대로 다스리지도 못한 채 임기를 마치면서까지 정치적 행보만 이어갔다. 경찰에 체포된 당시 그가 보인 행동은 '사전 선거 운동'이라고 봐도 무방할 정도였다.

지난 2일 경찰에 체포된 이진숙 전 위원장은 자신이 찬 수갑을 들어보이며 ""이재명이 …",,
Ohmynews.com,박석철,국회의원 보좌진 4급 여성 비율 13.4%에 그쳐,https://www.ohmynews.com/NWS_Web/View/at_pg.aspx?CNTN_CD=A0003171634,2025-10-07T08:59:23Z,"성평등가족부 정부조직법 개정안을 통과시킨 국회지만 막상 의원 보좌진 직급에 대한 차별은 여전한 것으로 나타났다.

윤종오 의원(진보당, 울산 북구)실이 최근 국회사무처로부터 받은 '국회 의원실 보좌진 성별 현황'에 따르면, 전체 보좌직원 2378명 중 남성은 1560명(65.6%), 여성은 818명(34.4%)이며, 특히 국회 4급 보좌관 중 여성은 10명 중 1명 정도에 불과한 것으로 나타났다.

국회 보좌진 중 여성과 남성을 급수별로 비교해 보면 여성 비율…",,
Inews24.com,안세준,"이해민 ""해킹사고 잇따르는데 최고등급?⋯납득할 수 없는 결과""",https://www.inews24.com/view/1893912,2025-10-07T07:29:57Z,지난해 사이버보안 과제 전 항목 '충실&middot;우수&middot;높음'⋯2023년 평가와 괴리 국회 과학기술정보방송통신위원회 소속 이해민 조국혁신당 의원은 과학기술정보통신부가 발표한 2024년도 자체평가 결과에서 사이버보안 강화 과제가 최고등급(1등급)을 받은 데 대해 &quot;납득할 수 없는 결과&quot;라고 비판했다. 정부업무평가는 기관장 책임 아래 정책 성과를 점검하고 조직&middot;예산&middot;인사에 반영하는 제도다. 과기정통부도 자체…,,
Zdnet.co.kr,조민규 기자,의대 정원 증원 정책도 ‘보건성과’…복지부 백서 논란,https://zdnet.co.kr/view/?no=20251007145007,2025-10-07T05:50:07Z,"[지디넷코리아]이재명 정부 첫 복지부 장관 발간사 담긴 백서2024 보건복지백서가 윤석열 정부의 의대 정원 확대 주장을 그대로 옮겨 적어 성과로 기록한 것으로 나타났다.국회 보건복지위원회 서영석 의원(더불어민주당, 부천시 갑)이 보건복지부(복지부)로부터 제출받은 자료에 따르면 복지부는 지난 8월29일 발간한 2024 보건복지백서에서 ‘의대 정원 확대 추진’을 지난해 보건분야 주요 성과로 명시했다.백서에는 한국보건사회연구원 신영석 박사(2035년 9654명 부족…",,
Ohmynews.com,이정환,"정청래의 ""상기하자"" 시리즈, 우상호의 이 발언 때문?",https://www.ohmynews.com/NWS_Web/View/at_pg.aspx?CNTN_CD=A0003171625,2025-10-07T05:49:52Z,"정청래 더불어민주당 대표가 추석 다음 날 ""상기하자""를 주제로 연달아 자신의 페이스북에 글을 올렸다.

12.3 계엄 이후 처음으로 맞는 추석 연휴, 정 대표가 7일 가장 먼저 올린 게시물은 ""상기하자 12.3 비상계엄, 잊지 말자 노상원 수첩!""이었다.

'노상원 수첩'은 현재까지 12.3 비상계엄 이후 구상을 추정할 수 있는 거의 유일한 기록이다. 이 수첩에는 이른바 '수거 대상처리 방법' 외에도 헌법 개정, 국가안전관리법 제정, 선거제도 개선 등 각종 메…",,
Ohmynews.com,이주연,BBC가 꼽은 '최측근'이 윤석열로부터 20번 들었다는 말,https://www.ohmynews.com/NWS_Web/Series/series_premium_pg.aspx?CNTN_CD=A0003170484,2025-10-07T01:41:40Z,"인요한 국민의미래(국민의힘 비례위성정당) 선거대책위원장은 김건희씨를 두둔하며 ""다 지나간 일""이라고 했다. 그러면서 ""마피아 조직도 아이하고 집안 부인하고는 안 건드린다""라고 했다. 명품백 수수·주가 조작 등 끊이지 않는 의혹에 대해 보도한 언론과 야당 등이 '마피아보다도 못하다'는 품평이다. 윤석열에 대해서는 ""비판할 것은 딱 하나밖에 없다""라고 했다.

""정이 너무 많으세요."" (2024년 3월 29일, MBC 라디오)

2024년 2월 7일, KBS 대담…",,
Zdnet.co.kr,주문정 기자,"산단공, 산업단지 내 중요 시설물 안전점검 실시",https://zdnet.co.kr/view/?no=20251007234605,2025-10-07T14:46:05Z,"[지디넷코리아]한국산업단지공단(이사장 이상훈)은 지난 5일 인천남동스마트그린산단 통합관제센터와 가산동 IDC센터를 방문해 산업단지 내 중요 시설물의 안전 관리 실태를 점검했다고 밝혔다.이번 점검은 추석 연휴와 같은 안전 취약 시기에 발생할 수 있는 안전사고를 예방하고, 산업단지 내 인프라의 안정적 운영을 통해 국민 재산과 기업 활동에 미치는 영향을 최소화하기 위한 조치다.이상훈 산단공 이사장은 현장에서 시설물 중요 서버와 전산 장비 등 시설 운영 현황을 살펴보…",,
Ohmynews.com,연합뉴스,이 대통령 국정 지지율 53.5%... 4주 만에 반등,https://www.ohmynews.com/NWS_Web/View/at_pg.aspx?CNTN_CD=A0003171531,2025-10-06T07:14:56Z,"""외교성과·코스피 3500 긍정 영향""…중도층은 전주 대비 1.0%p↓ 55.2%
민주 3.9%p↑ 47.2% · 국힘 2.4%p↓ 35.9%... 3주 만에 오차범위 밖 격차
""민주, 검찰청 폐지 등 지지층 결집... 국힘, 사법리스크에 지지층 이탈""

(서울=연합뉴스) 박재하 기자 = 이재명 대통령 국정수행 지지도가 53.5%로 4주 만에 반등했다는 여론조사 결과가 6일 나왔다.

리얼미터가 에너지경제신문 의뢰로 지난달 29일부터 이번 달 2일까지 전국 1…",,
Zdnet.co.kr,신영빈 기자,로봇·AI가 복지 바꾼다…에이지테크로 재편되는 日 사회,https://zdnet.co.kr/view/?no=20251006154153,2025-10-06T06:55:45Z,"[지디넷코리아]일본이 세계에서 가장 빠른 속도로 진행되는 고령화 문제를 해결하기 위해 '에이지테크(Age-Tech)'라는 새로운 해법을 꺼내 들었다.대한무역투자진흥공사(코트라)는 6일 이 같은 내용을 담은 '초고령사회 일본의 에이지 테크' 보고서를 공개했다.보고서에 따르면 로봇과 인공지능(AI), 정보통신기술(ICT)을 활용해 고령자와 돌봄 인력을 동시에 지원하는 이 기술은 단순한 복지 수단을 넘어 미래 산업으로 성장하는 중이다.일본은 이미 2005년 '초고령…",,
Khan.co.kr,김태훈 기자 anarq@kyunghyang.com,"장동혁 “이재명, 민생 망치고 있어”··· 명절에도 비판 메시지",https://www.khan.co.kr/article/202510061519001,2025-10-06T06:19:00Z,"장동혁 국민의힘 대표가 지난 2일 국회 기자간담회에서 발언하고 있다. 박민규 선임기자

장동혁 국민의힘 대표가 추석인 6일에도 “이재명 정권은 대한민국의 경제, 외교, 안보를 무너뜨리고, 온 나라와 민생을 망치고 있다”며 비판을 이어갔다.

장 대표는 이날 페이스북을 통해 “경제는 활력이 떨어지고, 국민 지갑은 얇아졌다. 청년들은 어깨가 축 처졌고, 소상공···",,
Zdnet.co.kr,전화평 기자,"D램·낸드 시장, 2026년 ‘완만한 둔화’ 속 안정 국면…HBM은 경쟁 심화로 성장세 둔화",https://zdnet.co.kr/view/?no=20251003210557,2025-10-06T03:00:02Z,"[지디넷코리아]글로벌 메모리 반도체 시장이 2026년 완만한 경기 둔화 속에서도 비교적 안정적인 흐름을 이어갈 전망이다. 최근 몇 년간 업황을 이끌었던 HBM(고대역폭 메모리)은 경쟁 심화로 성장세가 둔화되는 반면, D램과 낸드플래시는 수요와 생산이 균형을 이루며 양호한 실적이 기대된다.6일 iM증권이 발표한 보고서에 따르면 2025년 D램 수요 증가율은 19.3%로 상향 조정됐다. 이는 업계 생산 증가율(18.1%)을 소폭 웃도는 수준이다. 2026년에는 세…",,
Zdnet.co.kr,김윤희 기자,"비트코인, 또 올라 12만3천달러…""모든 자산 오름세 이례적""",https://zdnet.co.kr/view/?no=20251006085220,2025-10-06T00:23:33Z,"[지디넷코리아]비트코인 시세가 전일 대비 상승하며 12만3천 달러 대를 기록 중인 가운데, 이례적으로 가상자산과 주식 등 위험 자산뿐 아니라 실물 등 안전자산에 해당하는 자산들도 시세가 오름세를 보이고 있다는 분석이 나타났다.가상자산 가격 집계 사이트 코인마켓캡에 따르면 비트코인 시세는 오전 9시 기준 지난 24시간 동안 약 0.9%가 상승해 12만3천 달러 대를 기록하고 있다.그 외 이더리움, 바이낸스코인(BNB), 솔라나, 도지코인, 트론 등 주요 알트코인…",,
Khan.co.kr,김경민 기자 kimkim@kyunghyang.com,이창용 한 마디에 금융시장 들썩들썩···연구결과로 입증된 ‘말의 힘’,https://www.khan.co.kr/article/202510011211001,2025-10-01T03:11:00Z,"채권시장 변동성, 평시 대비 7~15배 확대
전임 총재들보다 이 총재 어조 영향력 커

이창용 한국은행 총재가 서울 중구 한국은행에서 열린 금융통화위원회 금리 결정에 대한 기자간담회에 참석해 취재진의 질문을 받고 있다. 사진공동취재단

이창용 한국은행 총재의 기자간담회 발언이 다른 한은 총재와 비교해 채권시장에 미친 영향이 크다는 연구결과가 나왔다. 이 ···",,
Ohmynews.com,최경영,"잘못하면 정말 나라 망할 수 있다, 소름끼치는 타임라인",https://www.ohmynews.com/NWS_Web/Series/series_premium_pg.aspx?CNTN_CD=A0003169618,2025-09-29T21:40:07Z,"이번 주는 제가 구상한 연재의 순서대로 가지 못합니다. 한국의 구조적인 문제만 짚고 있는다는 게 한가롭게 느껴집니다. 때를 놓치면 쓸 수가 없습니다. 미루다 쓰면 쓴다 해도 그 글은 효용이 떨어지죠. 사실 이 글도 늦었습니다. 그래서 이번 주는 연재를 잠시 미루고 현안을 써야겠다고 생각했습니다. 양해해 주실 거라 믿습니다.

미국과 관세 협상에 대해 하루에도 수십 개의 뉴스가 쏟아져 나옵니다. 속보입니다. 특보입니다. 내용은 비슷하지만 혼란스럽습니다. 정리가 …",,
Zdnet.co.kr,안희정 기자,20대·일용직도 대출 받는다...라인 스코어가 일본·태국 사로잡은 이유,https://zdnet.co.kr/view/?no=20250926104609,2025-09-29T05:36:14Z,[지디넷코리아]세계은행에 따르면 전 세계 성인 인구의 약 24%는 여전히 은행 계좌가 없거나 계좌는 있어도 대출·보험·투자 등 금융 서비스를 충분히 이용하지 못하는 '언더뱅크드' 상태에 놓여 있다. 특히 동남아시아와 신흥국에서는 안정적인 소득 증빙이나 금융거래 이력이 부족해 기존 신용평가 체계로는 대출이 불가능한 고객이 다수 존재한다. 글로벌 금융업계가 금융 포용성을 해결 과제로 삼는 이유다. 이런 흐름 속에서 라인파이낸셜이 선보인 자체 신용평가 모델 ‘라인 …,,
Khan.co.kr,김윤나영 기자 nayoung@kyunghyang.com,저신용·저소득자 금리 1%P 인하 땐 대출이자 부담 1인당 연 70만원 감소,https://www.khan.co.kr/article/202509282119025,2025-09-28T12:19:02Z,"당정 검토…“금융 공적 역할 강화”



저신용·저소득 취약차주의 대출금리를 1%포인트 내리면 1인당 연간 이자 부담이 약 70만원 줄어드는 것으로 나타났다. 정부·여당은 최대 15.9%에 이르는 정책서민금융상품 대출금리 인하 방안을 검토하고 있다.

국회 기획재정위원회 소속 진성준 더불어민주당 의원이 28일 한국은행에서 받은 ‘대출금리 인하 시···",,
Zdnet.co.kr,김기찬 기자,'킬린' 또 자산운용사 해킹… AIP자산운용 내부 데이터 탈취,https://zdnet.co.kr/view/?no=20251007105637,2025-10-07T02:22:24Z,"[지디넷코리아]국내 자산운용사 내부 데이터를 탈취한 랜섬웨어 그룹 '킬린(Qilin)'이 최근 새로운 국내 자산운용사를 피해자로 새로 등록했다. 이로써 킬린의 '피해자 목록'에 오른 국내 자산운용사들은 총 29곳으로 늘어났다.7일 보안업계에 따르면 최근 랜섬웨어 공격 그룹 킬린은 AIP자산운용의 내부 데이터를 탈취했다고 자신들의 다크웹 사이트에 게시했다.킬린은 AIP자산운용에 대해 ""이 회사의 포트폴리오에는 전 세계 고가의 부동산이 포함돼 있다""며 ""회사 내부…",,
Zdnet.co.kr,박수형 기자,챗GPT서 스포티파이 바로 듣는다...외부 서비스 통합 시동,https://zdnet.co.kr/view/?no=20251007110146,2025-10-07T02:01:46Z,"[지디넷코리아]챗GPT 앱에서 스포티파이 앱을 연동해 음원 스트리밍이 가능해진다. 여행지 호텔 숙박 예약도 챗GPT 앱 안에서 이뤄진다.오픈AI가 개별 프로그램 설치로 수평적인 생태계가 갖춰진 모바일 앱 시장에서 수직적 통합체계를 구축, 다른 개발자의 앱을 품어버리는 플랫폼 전략을 꺼내든 셈이다.오픈AI는 6일(현지시간) 미국 샌프란시스코에서 열린 개발자 컨퍼런스 데브데이에서 챗GPT에 외부 앱을 연동할 수 있는 소프트웨어개발도구(SDK)를 선보였다.이를 통해…",,
Ohmynews.com,이주연,"""조국 파면"" 외치며 삭발한 그가 발끈한 이유 ""강남 3구 살면...""",https://www.ohmynews.com/NWS_Web/Series/series_premium_pg.aspx?CNTN_CD=A0003170073,2025-10-06T10:34:22Z,"""조국을 파면하라.""

2019년 9월 20일, 이헌승 자유한국당 의원(현 국민의힘,부산 부산진을)은 머리카락을 민 후 이렇게 외쳤다. 부산 서면에서 열린 '조국 파면 부산시민연대 촛불집회' 현장을 보도한 언론에 따르면 눈물을 글썽였다는 그, ""어머님께 삭발하겠다고 말씀드렸다. (어머님은) 나라를 위해 우짜겠노(어쩌겠나)라며, 삭발을 허락하고 용기를 주셨다""라고 전했다. '신체발부 수지부모'에도 삭발을 감행한 이유, 당시 조국 법무부 장관 사퇴를 촉구하기 위함…",,
Khan.co.kr,최미랑 기자 rang@kyunghyang.com,[경제뭔데]9·7 공급대책 이후 서울 집값 더 많이 오르는 4가지 이유,https://www.khan.co.kr/article/202510031620001,2025-10-03T07:20:00Z,"경향신문 경제부 기자들이 쓰는 [경제뭔데] 코너입니다. 한 주간 일어난 경제 관련 뉴스를 쉽고 재미있게 풀어서 전해드립니다.

정부가 주택공급 확대방안을 발표한 지난달 7일 서울 남산전망대에서 바라본 서울 용산 일대의 주택가와 반포대교 너머 강남 아파트 단지. 서성일 선임기자

이재명 정부의 첫 부동산 공급 계획인 9·7 대책 발표 이후 서울 아파트값이 다···",,
Ohmynews.com,윤성효,"김경수 ""현 정부에서 국가균형 못하면 앞으로 정말 어려워""",https://www.ohmynews.com/NWS_Web/View/at_pg.aspx?CNTN_CD=A0003171192,2025-10-03T06:09:11Z,"김경수 지방시대위원회 위원장은 '5극3특'을 설명하면서 ""지금은 수도권이 집중‧과밀로 몸살이고 지방은 소멸의 악순환이다""라며 ""이재명정부에서 국가균형을 살려 나가지 못하면 앞으로 정말 어려울 것""이라고 말했다.

김경수 위원장은 더불어민주당 창원 5개 지역위원회 주최로 3일 오전 더불어민주당 경남도당 민주홀에서 '지역과 수도권의 공존 전략 5극3특'이란 주제로 강연했다.

'5극3특'이란 말이 어렵다고 한 김 위원장은 ""수도권에 사람이 많이 몰린다. 노무현정부…",,
Khan.co.kr,김경민·배재흥·김상범 기자 kimkim@kyunghyang.com,반년 만에 1200포인트 수직 상승…‘반도체 슈퍼사이클’ 기대감,https://www.khan.co.kr/article/202510021952015,2025-10-02T10:52:01Z,"AI 사용 확산에 HBM·범용메모리 수요 증가로 ‘반도체주 강세’
“빅테크가 투자 계속…국내 주식 저평가 해소 동력도 살아있어”
반도체 쏠림에 ‘AI 거품론’ 우려…‘소극적 개미’도 상승세 변수

뜨겁다, 뜨거워 코스피가 사상 처음 3500선을 돌파하며 종가 기준 역대 최고치인 3549.21로 마감한 2일 서울 중구 하나은행 딜링룸 현황판에 종가가 ···",,
Zdnet.co.kr,이정현 미디어연구소,애플 주가를 보는 엇갈린 전망…왜,https://zdnet.co.kr/view/?no=20251002093022,2025-10-02T03:40:56Z,"[지디넷코리아]지난 1년 동안 애플과 관련된 다양한 소식이 쏟아졌으나, 애플 주가는 같은 기간 28.42달러(약 12.5%) 오른 상태다.IT매체 폰아레나는 1일(현지시간) 보도를 통해 현재 애플의 미래에 대해 긍정적으로 보는 분석가와 부정적으로 평가하는 분석가가 공존한다며 그 배경을 짚었다.부정적인 소식 중 하나는 ‘애플 인텔리전스’가 아이폰 사용자에게 매끄럽고 유용한 인공지능(AI) 경험을 제공하지 못했다는 점이다. 하지만 테크 전문 매체 빅테크놀로지 설립…",,
Ohmynews.com,소셜 코리아,"이재명 정부의 두 가지 리스크, 끌려다니면 위험하다",https://www.ohmynews.com/NWS_Web/Series/series_premium_pg.aspx?CNTN_CD=A0003169890,2025-10-01T07:07:28Z,"인수위원회도 없이 시작한 이재명 정부는 집권 첫날부터 숨 가쁘게 움직여왔다. 내란 특검 설치부터 부동산 시장 안정, 소비 쿠폰 공급과 관세 협상까지, 취임 후 가장 중요한 시간을 보냈다. 100일이 지난 지금 숨 고르기 하며 5년 국정의 큰 방향을 세워가고 있다. 대통령은 지난 100일을 '회복과 정상화를 위한 시간'으로 평가한 후 '도약과 성장의 시간'이 왔다고 자신 있게 선언했다.

이제 국민들도 비상 대응 단계를 지나 정상화 국면에 들어선 이재명 정부의 …",,
Zdnet.co.kr,류은주 기자,"석화 부진 LG화학, LG엔솔 지분 매각해 2조원 조달",https://zdnet.co.kr/view/?no=20251001155110,2025-10-01T06:51:10Z,"[지디넷코리아]LG화학이 배터리 자회사 LG에너지솔루션 지분을 매각해 약 2조원 규모 유동성 확보에 나선다. 최근 석유화학 업황 부진으로 현금흐름과 재무 건전성 관리 필요성이 커진 데 따른 조치다.LG화학은 1일 LG에너지솔루션 주식을 활용한 주가수익스와프(PRS) 계약을 체결할 예정이라고 공시했다.PRS는 기업이 자회사 주식 등을 기초자산으로 하는 파생상품 계약으로, 계약 기간 동안 증권사 등 투자자에게 수수료를 지급하고 주가 변동분에 따른 차액을 정산하는 …",,
Ohmynews.com,박정길,영국 피스헤이븐 이슬람 사원 화재... 종교시설 겨냥 '증오범죄' 확산,https://www.ohmynews.com/NWS_Web/View/at_pg.aspx?CNTN_CD=A0003171519,2025-10-06T11:05:04Z,"최근 영국에서 종교시설을 겨냥한 증오범죄가 잇따라 발생하면서 사회 불안이 확산하고 있다. CNN과 BBC 등 외신은 4일(현지 시간) 밤, 잉글랜드 남부의 한 이슬람 사원이 방화로 추정되는 공격을 받아 내부에 있던 두 명이 간신히 대피했다고 보도했다. 경찰은 이번 사건을 증오범죄로 규정하고 수사에 착수했다.

사건은 브라이턴 인근 피스헤이븐에서 발생했다. @MohammedAbbasi의 X(옛 트위터)에 올라온 영상에는 복면을 쓴 두 남성이 모스크 정문을 부수려…",,
Zdnet.co.kr,김한준 기자,"업비트, 추석 연휴 맞아 '보이스 피싱 방지 캠페인' 진행",https://zdnet.co.kr/view/?no=20251005105540,2025-10-05T01:55:40Z,"[지디넷코리아]가상자산 거래소 업비트를 운영하는 두나무(대표 오경석)가 추석 연휴를 맞아 '보이스피싱 방지 캠페인'을 진행한다고 5일 밝혔다.이번 캠페인은 명절 연휴에 늘어나는 사이버 사기 피해를 최소화하기 위해 기획됐다.업비트는 공지를 통해서 가짜 거래소, 계정 대여, 임직원 사칭, 스미싱, 로맨스 스캠, 사기성 투자 권유 등 유형별 사기 사례를 안내하고, 이에 대한 대응방법까지 소개한다.캠페인의 내용은 ▲신고된 가상자산 거래소인지 확인하고, 고수익 미끼에 …",,
Zdnet.co.kr,김홍일 케이유니콘인베스트먼트 대표,"K-치안산업, 제2의 방산으로 키워야 한다",https://zdnet.co.kr/view/?no=20251004215202,2025-10-04T13:09:22Z,"[지디넷코리아]안전은 더 이상 추상적인 공공재가 아니다. 범죄, 재난, 사이버 위협이 기술화·지능화하는 오늘날, 안전은 곧 국가의 미래 자산이자 새로운 성장 동력이다. 한국은 세계적으로 가장 높은 치안 안정성을 유지하고 있고, ICT 인프라와 경찰 역량 또한 세계적 수준이다. 그러나 이 강점을 산업적 가치로 전환하는 시도는 체계적이지 않다. 치안의 수요는 본질적으로 공공 영역에 집중돼 있지만, 관련 연구개발(R&D)과 자본 조달 구조는 산발적이고 규모도 작다.…",,
Ohmynews.com,김형욱,"페이스북 클릭 한 번이 불러온 재앙, 정치와 경찰의 오판 그리고 폭발한 광란",https://star.ohmynews.com/NWS_Web/OhmyStar/at_pg.aspx?CNTN_CD=A0003167568,2025-09-22T02:19:29Z,"우리나라에선 개봉하지 못했으나 2012년에 북미에서 개봉해 전 세계적으로 1억 달러가 넘는 흥행 대박(제작비는 10만 달러 전후)을 이룩한 영화가 있다. 제목만으로는 도통 무슨 내용인지 알 수 없는 가 그 작품인데, 어느 고등학생이 부모님 출타를 틈 타 집에서 생일 파티를 하려다가 족히 1000명 되는 인원이 몰려 쑥대밭으로 변한다는 이야기다.

각지에서 모여든 10대들이지만 마약, 술, 섹스, 폭력, 파괴, 화재까지 이어져 사방을 풍비박산 냈다. 호주에서 일…",,
Ohmynews.com,최문희,직장 생활 '깡'으로 버티고 있나요? 그럼 읽어보세요,https://www.ohmynews.com/NWS_Web/Series/series_premium_pg.aspx?CNTN_CD=A0003167372,2025-10-07T09:18:25Z,"'녹초'가 장래희망은 아니었는데, 녹용을 달여 먹어도 피로가 가시지 않는 생활이 우리에게 계속되고 있다. 주말에도 곧잘 오는 일 관련 연락에 꼬박꼬박 답한 지 오래됐다. 그건 상대방 역시 쉬는 날마저 숨 돌려가며 내가 요청한 일을 해내고 있음을 조금은 알 것 같아서다. 나와 대다수 주변 사람은 먹고사는 일의 팔할을 '깡'으로 버틴다. 과연 좋은 삶일까.

성실을 다하며 자부심을 잃지 않고, 누군가를 조력하며 노동하는 삶을 책으로 써온 사람들 이야기를 그간 각양…",,
Ohmynews.com,한국여성민우회,여자화장실 몰래보던 남자들에게 '가해자교육' 시킨 최초의 그녀들,https://www.ohmynews.com/NWS_Web/View/at_pg.aspx?CNTN_CD=A0003169840,2025-10-07T09:17:49Z,"양해경. '흰돌'이라 불린 적도 있으나 문득 '검은돌'이 서운해할 것 같아 별칭을 내려놓았다. 1980년대 한국여성민우회를 창립한 여성운동 개척가 그룹 중 한 명. 한국여성민우회 서대문지회 대표로 활동하다가 1995년~2002년 한국여성민우회 부설 가족과성상담소 초대 소장을 맡았다. 전국성폭력상담소협의회 초대 대표를 역임하고 경기 용인지역 여러 시민사회단체를 양성하는 등 씨앗 심기 및 키워내기 능력자. 국가청소년위원회 정책자문위원, 용인성폭력상담소 소장, 법무…",,
Zdnet.co.kr,신영빈 기자,"""로봇이 노동 대체하려면 사람처럼 느끼고 판단할 수 있어야""",https://zdnet.co.kr/view/?no=20251006151402,2025-10-06T06:51:36Z,"[지디넷코리아]""로봇이 사람의 노동을 대체하려면 단순한 동작이 아니라 사람처럼 감각하고 판단할 수 있어야 합니다. 저희는 그 감각을 구현하는 센서를 만들고 있습니다.""이윤행 에이딘로보틱스 대표는 최근 서울 코엑스에서 열린 국제 로봇학회(CoRL) 및 휴머노이드 2025 국제학술대회 현장에서 만나 이같이 설명했다로봇용 센서 전문기업 에이딘로보틱스는 휴머노이드 로봇 전용 센서 3종을 공개하며 차세대 휴머노이드 시장 공략에 본격 나섰다. 이번 행사는 전 세계 연구진…",,
Ohmynews.com,김지수,공공배달앱은 무엇을 위해 존재해야 하나,https://www.ohmynews.com/NWS_Web/View/at_pg.aspx?CNTN_CD=A0003171465,2025-10-05T10:24:44Z,"10월, 배달앱 시장이 급격히 흔들리고 있다. '부동의 1위'로 여겨지던 배달의민족의 내부 지표는 더 이상 안정적이지 않다. 
보도에 따르면 그동안 월간 이용자(MAU)는 조금 늘었지만, 매일 사용하는 단골손님(DAU)은 줄었다. 겉으로는 성장한 것으로 보이지만, 핵심 고객층의 이탈이 시작된 것이다. 거대한 기업이 이런 국면에 접어들면 대체로 전략이 바뀐다. 단가를 낮추고, 등급제·스케줄제 같은 관리 장치를 강화한다.

최근 논란이 된 '로드러너' 제도는 그…",,
GlobeNewswire,Bitget Limited,"Bitget, MotoGP와 함께 인도네시아서 ‘스마트 스피드 챌린지 2.0’ 개최",https://www.globenewswire.com/news-release/2025/10/07/3162710/0/ko/Bitget-MotoGP%EC%99%80-%ED%95%A8%EA%BB%98-%EC%9D%B8%EB%8F%84%EB%84%A4%EC%8B%9C%EC%95%84%EC%84%9C-%EC%8A%A4%EB%A7%88%ED%8A%B8-%EC%8A%A4%ED%94%BC%EB%93%9C-%EC%B1%8C%EB%A6%B0%EC%A7%80-2-0-%EA%B0%9C%EC%B5%9C.html,2025-10-07T14:14:00Z,"빅토리아 세이셸, Oct. 07, 2025 (GLOBE NEWSWIRE) -- 세계 최대 규모의 유니버설 거래소 (Universal Exchange, UEX)인 Bitget이 10월 3일부터 5일까지 인도네시아 만달리카에서 열린 인도네시아 그랑프리에서 모터스포츠의 짜릿한 스릴과 웹3(Web3) 혁신을 한자리에 선보였다. 이탈리아, 독일, 스페인에서의 성공적인 이벤트에 이어 진행된 이번 인도네시아 행사에서는 5회 모토GP 월드 챔피언 호르헤 로렌조(Jorge L…",,
Tistory.com,T.B,일본과 프랑스 정치적 상황이 금융 시장에 충격,https://ryueyes11.tistory.com/511913,2025-10-07T06:11:55Z,"The core planks of Emmanuel Macron's reform agenda are falling apart, writes @LionelRALaurent (via @opinion) https://t.co/XiZvUxldHP— Bloomberg (@business) October 6, 2025 프랑스 세무 당국은 어떤 식으로든 최고 '부유층' 시민들을 노리고 있습니다. 프랑스 '노동조합'은 10월 2일 새로운 반(反)긴축 '시위'를 벌였습니다. 세…",,
Inews24.com,윤소진,"""韓 없인 AI 발전 불가능""…오픈AI가 한국을 선택한 3가지 이유 [AI브리핑]",https://www.inews24.com/view/1893883,2025-10-07T03:10:02Z,"반도체 기술&middot;제조업 역량&middot;정부 정책 지원 '삼박자'&hellip;글로벌 AI 허브 낙점
삼성&middot;SK와 손잡고 오픈AI 전용 AI DC 구축&hellip;한국형 스타게이트 본격화 오픈AI의 5000억 달러(730조원) 규모의 글로벌 AI 인프라 프로젝트 '스타게이트'에 한국이 전략적 파트너로 합류했다. 오픈AI는 삼성전자&middot;SK그룹과 손잡고 AI 반도체 공급 확대와 차세대 데이터센터 구축에 협력하며, 한국을 글로벌…",,
Venturesquare.net,문지형 스타트업 기자단 1기 기자,"묘지를 클라우드로 옮기는 디자이너, 윤상원 에프터라이프 대표",https://www.venturesquare.net/1007926,2025-10-07T02:17:30Z,"""1970년대생으로 살다 보니 이제 부고가 남의 이야기가 아니더라고요.""
윤상원 대표는 말문을 열었다. 최근 몇 년 사이 지인의 부고를 연달아 받으며 장례 비용의 현실을 체감했다. 평균 1500만원이 훌쩍 넘는 비용에 놀랐고, 동시에 이 시장이 연 10조원을 넘어서는 거대 산업이라는 사실도 알게 됐다. 결정적으로, 2050년 이후엔 베이비부머와 X세대가 본격적으로 세상을 떠나기 시작하면서 연간 100만 명이 넘는 사망자가 발생한다는 통계를 봤다.",,
Venturesquare.net,문지형 스타트업 기자단 1기 기자,“흩어진 링크를 신뢰 기반의 선택으로 바꾸죠.” 이현호 링크루트 대표,https://www.venturesquare.net/1007442,2025-10-07T01:56:42Z,"스마트폰 속에는 우리가 모아둔 수많은 링크가 있다. 단톡방에, 흘러간 맛집과 메모장 속 레시피, 브라우저에 저장해둔 쇼핑 페이지 등. 그러나 막상 필요할 때 그 링크를 좀처럼 찾을 수 없다. 정보는 넘쳤지만, 신뢰할 수 있는 근거가 부족하다. 사용자는 결국 광고나 자극적인 후기만을 따라가며 불필요한 비용을 치르곤 했다. 이 난제를 풀겠다며 등장한 서비스가 링크루트다. 자동 분류와 요약, 신뢰도 검증 기능을 앞세워 링크를 단순히 저장하는 데서 끝내지 않고, 탐색…",,
Zdnet.co.kr,박희범 기자,"노벨 물리학상, 양자서 나와…""양자컴퓨팅 큐비트 기반 마련""",https://zdnet.co.kr/view/?no=20251007194603,2025-10-07T10:46:03Z,"[지디넷코리아]올해 노벨 물리학상 수상자는 양자(퀀텀)에서 나왔다. 올해는 UN이 정한 양자의 해다. 양자역학이 탄생한지 100주년이 되는 해다.스웨덴 왕립과학원 노벨위원회는 7일 미국 캘리포니아대학 교수인 존 클라크와 마이클 H. 디보리트(예일 대학 겸임), 존 M. 마티니스에게 돌아갔다.이들은 전기회로에서의 거대 양자 터널링 현상 발견과 에너지 양자화를 실험적으로 입증한 공로를 인정 받았다.양자 터널링은 양자 컴퓨터, 나노기술, 생명과학 등 미래 기술 혁신…",,
Poem23.com,학주니,2025년 가을 애플 이벤트를 통해 3년만에 다시 등장한 AirPods Pro 3에 대한 정리,https://poem23.com/3498,2025-10-07T09:25:27Z,"이번 애플이벤트의 마지막(은 아니고 이 글 다음에 내 의견만 따로 모아놓은 것을 따로 포스팅 할 예정이지만 ^^) 정규 포스팅은 아이폰 17, 애플워치 SE 3와 함께 호불호는 좀 있는 것 같지만 그래도 나름 호평을 받고 있는 2022년 이후 3년만에 출시한 에어팟 프로 3에 대한 내용이다.
 


<table>

<tr>
<td>* 2025 가을 애플이벤트 정리이번에 애플 이벤트에서 공개된 iPhone 17 Pro 시리즈에 대한 정리2025 가을 애플 이벤트…",,
Khan.co.kr,김경학 기자 gomgom@kyunghyang.com,‘지나가던 로봇’이 말을 건다···급성장하는 미국 휴머노이드 시장,https://www.khan.co.kr/article/202510071508001,2025-10-07T06:08:00Z,"텍사스 오스틴 번화가 누비며 시민 만나

‘제이크 더 리지봇(Jake the Rizzbot)’이 미국 텍사스주 오스틴의 한 거리에서 시민에게 자세를 취하고 있다. 제이크 더 리지봇 SNS 계정 캡처

인간의 모습을 한 로봇, 휴머노이드. 인공지능(AI) 기술이 발달하며 휴머노이드 성능도 급속도로 발달하고 있다. 일론 머스크 테슬라 최고경영자(CEO)는 지난···",,
Zdnet.co.kr,진성우 기자,"""추석 연휴 OTT 할인받고 T팩토리 놀러오세요""",https://zdnet.co.kr/view/?no=20251007141902,2025-10-07T05:25:19Z,"[지디넷코리아]SK텔레콤이 추석 연휴를 맞아 자사 구독 플랫폼 ‘T 우주’와 서울 성수동 플래그십 스토어 ‘T팩토리’를 활용한 콘텐츠와 문화 체험 이벤트를 진행한다고 7일 밝혔다.T 우주는 넷플릭스, 유튜브 프리미엄, 티빙, 웨이브, 디즈니플러스, 스포티비 나우 등 6개 주요 OTT 라인업을 한 번에 관리할 수 있는 구독 플랫폼이다. 이달 1일 새로 출시된 ‘T 우주패스 티빙 & 웨이브’ 상품은 정상 판매가 대비 매월 최대 1천600원을 절약할 수 있다.또한 …",,
Zdnet.co.kr,전화평 기자,"인도, 전자부품 제조 투자 180억 달러 몰려…정부 예상치 크게 상회",https://zdnet.co.kr/view/?no=20251003210212,2025-10-05T01:55:30Z,"[지디넷코리아]인도가 전자부품 제조 산업의 글로벌 허브로 급부상하고 있다.5일 타임스오브인디아에 따르면 인도 정부가 시행 중인 전자부품 제조 인센티브(PLI) 제도에 따라 민간 기업들로부터 접수된 투자 제안 규모가 1조1천억루피(약 180억달러)에 달하는 것으로 집계됐다. 이는 정부가 당초 예상했던 수준을 훨씬 웃도는 수치다.PLI 제도는 기업이 일정 생산 실적을 달성하면 보조금을 지급하는 방식으로, 전자·반도체 부문에서 해외 기업과 국내 기업 모두를 대상으로…",,
Tistory.com,T.B,"트럼프, 경주 APEC 29일 하루 당일치기로 초단기 방문할 듯",https://ryueyes11.tistory.com/511905,2025-10-04T07:23:49Z,"China is pushing Trump to roll back curbs on Chinese deals in the US, using the prospect of a massive investment package https://t.co/MaNPhy4RHD— Bloomberg (@business) October 3, 2025 하워드 러트닉 미 상무장관이 TSMC의 반도체 '50%'를 미국에서 생산하자 했으며, 대만 정부가 거절을 했습니다. '화웨이'의 3세대…",,
Zdnet.co.kr,한정호 기자,"""TSMC 못 넘긴다""…대만, 美 '칩 절반 이전' 요구에 강력 반발",https://zdnet.co.kr/view/?no=20251003151600,2025-10-03T06:19:33Z,"[지디넷코리아]대만 정부가 미국의 '반도체 생산 절반 이전' 요구를 거듭 일축하며 양측 간 무역 협상에서 파장이 커지고 있다. 미국은 자국 내 칩 생산 확대를 압박하고 있지만, 대만은 자율적 투자 모델을 앞세우며 선을 긋는 양상이다.3일 대만 중앙통신사(CNA) 등에 따르면 대만 행정원의 정리쥔 부원장은 최근 기자회견에서 ""대만은 반도체 생산을 50대 50으로 나누자는 미국 측의 제안에 동의한 적이 없으며 앞으로도 동의하지 않을 것""이라고 강조했다.또 세계 최…",,
Zdnet.co.kr,진성우 기자,"""개인정보 불안·번거로움 끝…중고폰 시장 선순환 이끌 것""",https://zdnet.co.kr/view/?no=20251007175237,2025-10-07T11:21:19Z,"[지디넷코리아]국내 중고폰 시장은 빠르게 성장하고 있다. 하지만 소비자 인식은 '개인정보 유출이 불안하다', '절차가 번거롭다'는 벽을 쉽게 넘지 못하고 있다.LG유플러스 자회사 미디어로그는 이런 불신과 불편을 해소하기 위해 중고폰 거래 플랫폼 ‘셀로’를 출시하며 시장 양성화의 전면에 나섰다. 단순한 매입 서비스에 그치지 않고, 신뢰·투명성·ESG를 결합한 ‘순환형 거래 생태계’를 지향한다.박경민 미디어로그 사업팀장은 서울 마포구 LG유플러스 상암사옥에서 진행…",,
Ohmynews.com,강광순,"사돈과 새벽 1시까지 폭풍 수다, 왜냐면요",https://www.ohmynews.com/NWS_Web/View/at_pg.aspx?CNTN_CD=A0003170179,2025-10-06T10:35:23Z,"지난 9월 중순 어느 날 오후 5시경, 카카오톡 글쓰기 플랫폼 브런치 작가님들과의 만남이 마무리됐을 때 '사돈 마님'께 전화를 했다.

""저, 지금 의정부예요.""
""예, 정말요? 어쩐 일로 온 거예요?""
""사돈마님 보고 싶어서 왔지요.""
""호호 그래요. 지금 어딘데요?""
""의정부 역 쪽이에요.""
""아, 거기서 우리 집 가까워요. 가게 문 닫고 곧장 갈 테니 집으로 오세요.""

사돈댁으로 가는 길에 주유를 했다. 그 사이 사돈으로부터 전화가 왔다. 도착 시간이 …",,
Zdnet.co.kr,이도원 기자,"[이기자의 게임픽] 넥슨게임즈, 채용 열기 지속...'일하기 좋은 게임사'로 우뚝",https://zdnet.co.kr/view/?no=20251002153332,2025-10-05T12:00:01Z,"[지디넷코리아]넥슨게임즈가 개발역량 강화를 위해 인재 채용을 지속하고 있다.이 회사의 공식 채용 홈페이지에는 약 100여 건의 공고가 게시돼 있으며, 신작과 라이브 프로젝트를 중심으로 다양한 직군 모집이 활발히 진행 중이다. 채용 축소 우려가 제기되는 업계 분위기와는 대조적인 행보다.이는 넥슨게임즈가 ‘일하기 좋은 게임사’로 우뚝섰기 때문으로 풀이된다. 실제 이 회사는 경쟁력 있는 보상과 복지, 장르와 플랫폼을 가리지 않는 폭넓은 프로젝트, 개발자가 주도적으로…",,
Ohmynews.com,연합뉴스,노벨 생리의학상에 '말초 면역 관용' 연구 메리 브렁코 등 3인,https://www.ohmynews.com/NWS_Web/View/at_pg.aspx?CNTN_CD=A0003171544,2025-10-06T10:31:25Z,"'면역체계 경비병' 조절T세포 발견 공로... 암·자가면역질환 치료법 개발에 기여

(서울=연합뉴스) 전명훈 권영전 기자 = 올해 노벨 생리의학상은 말초 면역 관용(Peripheral immune tolerance) 관련 발견으로 인체 면역 관련 연구에 기여한 미국의 생명과학자 메리 E. 브렁코, 프레드 램즈델(이상 미국), 사카구치 시몬(坂口志文·일본) 3인에게 돌아갔다.

스웨덴 카롤린스카 연구소 노벨위원회는 이 같은 공로를 인정해 올해 생리의학상 수상자로…",,
Slownews.kr,한상기,"AI 커머스의 도래: 오픈AI, ‘에이전틱 커머스 프로토콜’ 발표",https://slownews.kr/146678,2025-10-06T08:38:41Z,"구글이 AP2를 발표하자 오픈AI는 자체적인 상거래를 위한 프로토콜을 발표했다. 최근 오픈AI의 행보는 AGI 개발보다 일반 고객을 위한 서비스 확장에 주력하는 느낌이다. 소라2도 그런 흐름으로 보인다. 어쩌면 더 고도화한 AI 모델은 이제 딥마인드나 앤스로픽에 기대해야 할지 모르겠다.  과학 AI의 새로운 가능성에 눈 뜬 주요 연구자들이 피리오딕 랩스라는 스타트업을 만들었다. 흥미롭다. 메타가 스마트 글래스에 집중하는 모습을 보이자...
The post AI…",,
Ohmynews.com,김용찬,"우주의 탄생부터 인간 의식의 기원까지, 빅 히스토리로 설명하다",https://www.ohmynews.com/NWS_Web/View/at_pg.aspx?CNTN_CD=A0003171484,2025-10-06T04:04:07Z,"무엇인가의 '기원'을 찾는 것은 흥미롭지만, 또한 적지 않은 어려움을 수반하는 작업일 수밖에 없다. 과학 분야에서 '기원'에 대한 탐구의 노력은 지속되어 왔지만, 그 근저에는 현재의 관점으로서는 도저히 해결할 수 없는 어려운 상황이 맞닿는 경우를 쉽게 확인할 수 있다.

예컨대 '생명'의 본질을 파헤치기 위한 과학적 방법론이 전개되면서, 인간의 성장과 죽음에 이르는 과정에 대해 구체적으로 확인할 수 있는 성과를 얻을 수 있었다. 하지만 정작 인간 탄생의 근본적…",,
Zdnet.co.kr,정진성 기자,"넥슨, '마비노기 모바일'·'카잔' 연타석 흥행…'아크 레이더스'로 글로벌 겨냥",https://zdnet.co.kr/view/?no=20251003215024,2025-10-05T23:32:54Z,"[지디넷코리아]넥슨이 올 상반기 '마비노기 모바일'과 '퍼스트 버서커: 카잔(이하 카잔)'의 연이은 성공으로 국내외 시장에서 저력을 과시한 데 이어, 오는 30일 서바이벌 액션 신작 '아크 레이더스'를 출시하며 연말 글로벌 무대에 승부수를 던진다.올해 넥슨이 선보인 신작들은 기존 IP의 핵심 경험을 성공적으로 발전시켜 새로운 재미를 창출했다는 공통점을 가진다. '마비노기 모바일'은 협동과 교류라는 MMORPG의 근본 가치에 집중해 세대 통합을 이끌었고, '카잔…",,
Zdnet.co.kr,안희정 기자,"네이버웹툰, ‘디지털 실크로드’ 그린다…디즈니·마블과 글로벌 시장 공략",https://zdnet.co.kr/view/?no=20251005122022,2025-10-05T03:23:25Z,"[지디넷코리아]네이버웹툰이 북미를 중심으로 한 글로벌 웹툰 시장 공략에 속도를 내고 있다. 디즈니, 다크호스코믹스, IDW퍼블리싱, 붐!스튜디오 등 세계적인 출판사들과 연달아 협업을 체결하며, 웹툰이 ‘디지털 만화’의 새로운 표준으로 자리잡도록 견인하고 있다. 세계 최대 엔터테인먼트 시장인 북미에서 웹툰이 주류 콘텐츠로 부상할수록 국내 창작자들의 해외 진출 기회 또한 확대될 전망이다.5일 관련업계에 따르면 네이버웹툰은 지난 9월 24일(현지시간) 미국 유명 그…",,
Zdnet.co.kr,신영빈 기자,농촌 일손덜고 험지 순찰까지…'필드로봇' 시대 열렸다,https://zdnet.co.kr/view/?no=20251003185002,2025-10-04T23:19:38Z,[지디넷코리아]어렸을 적 공상 만화 속에서나 등장했던 로봇 세상이 점점 가까워지고 있다. 테슬라와 같은 대기업부터 피규어 AI 같은 스타트업까지 휴머노이드 로봇을 앞다퉈 개발하며 연일 기술 혁신과 투자 유치 소식이 쏟아지고 있다.전문가들은 휴머노이드가 인간을 대체하려면 갈 길이 멀다고 지적한다. 손으로 물건을 집거나 전구를 교체하는 등 일상적인 작업조차 로봇에게는 여전히 매우 어려운 과제이기 때문이다. 특히 예측하기 힘든 외부 환경에서는 휴머노이드의 한계가 분…,,
Zdnet.co.kr,박희범 기자,"스페이스린텍, 우주정거장서 단백질 실험…결과는 12월 공개",https://zdnet.co.kr/view/?no=20251003234747,2025-10-03T14:47:47Z,"[지디넷코리아]우주의약 전문기업 스페이스린텍(대표 윤학순)이 우주에서 처음으로 신약 자동화 공정을 성공적으로 시험했다고 2일 밝혔다.시험은 국제우주정거장(ISS)에서 시행됐다. 스페이스린텍이 개발한 우주의약 연구 모듈 ‘BEE-PC1’를 통해 자동화 단백질 결정화 공정을 실험했다.윤학순 대표는 ""국내 최초로 우주에서 바이오의약 핵심 공정을 실증한 사례""라며 ""한국이 우주제조 분야로 본격 진입하는 분기점이 될 것""으로 기대했다.스페이스린텍은 우주 환경과 드롭타워…",,
Zdnet.co.kr,장유미 기자,"""어마어마하네""…韓서 삼성·SK와 데이터센터 짓는 오픈AI, 기업 가치 얼마길래",https://zdnet.co.kr/view/?no=20251003113019,2025-10-03T02:32:54Z,[지디넷코리아]'챗GPT' 개발사 오픈AI가 빠른 속도로 전 세계에서 가장 가치있는 스타트업에 등극했다. 설립 10년 만에 기업 가치가 5천억 달러(약 700조원)를 훌쩍 넘어선 것이다.3일 블룸버그통신에 따르면 오픈AI는 테슬라 창업자인 일론 머스크 최고경영자(CEO)가 설립한 우주 기업 스페이스X(4천억 달러)를 넘어 세계에서 가장 가치 있는 스타트업이 됐다. 오픈AI는 최근 직원들이 보유한 지분을 매각할 수 있도록 하는 거래를 마무리하는 과정에서 기업 가…,,
